Duration (-D),TxDepth (-t),Report GBits (--report_gbits),Gb/s
,1,256,36.961508
,1,256,36.961768
,1,256,36.961458
,1,512,36.96175
,1,512,36.962038
,1,512,36.961933
,3,256,36.979076
,3,256,36.979152
,3,256,36.979022
,3,512,36.978944
,3,512,36.978879
,3,512,36.978969
,5,256,36.996254
,5,256,36.996206
,5,256,36.996111
,5,512,36.996626
,5,512,36.996345
,5,512,36.99614
