Duration (-D),TxDepth (-t),Report GBits (--report_gbits),Gb/s
1,256,,37.005344
1,256,,37.004305
1,256,,37.003241
1,512,,37.004325
1,512,,37.005911
1,512,,37.003061
3,256,,36.997887
3,256,,36.997058
3,256,,36.997807
3,512,,37.00052
3,512,,36.997646
3,512,,36.995846
5,256,,36.997743
5,256,,36.997346
5,256,,36.997241
5,512,,36.997681
5,512,,36.998787
5,512,,36.998682
